<?xml version="1.0" encoding="utf-8"?>

<include>
  <context name="unet">
    <extension name="unloop">
      <condition field="${unroll_loops}" expression="^true$"/>
      <condition field="${sip_looped_call}" expression="^true$">
         <action application="deflect" data="${destination_number}" />
      </condition>
    </extension>

    <!--Opzetten radio conferentie-->
    <extension name="unet_conferences">
      <condition field="destination_number" expression="^(RADIO_.*)$">
        <action application="answer"/>
        <action application="conference" data="$1@default"/>
      </condition>
    </extension>

   <extension name="Call">
     <condition field="destination_number" expression="^(zzz)$">
      <action application="log" data="CONSOLE CALL $1 unet ${sip_from_host} dialedDomain ${sip_to_host}" />
      <action application="bridge" data="sofia/${use_profile}/$1%${sip_to_host}"/>    
     </condition>
   </extension>
    
    <!--Intercom Trainee-Trainee conferentie-->
    <extension name="INTERCOM_CUB_X">
        <condition field="destination_number" expression="^(INTERCOM_CUB_\d{3})$">
          <action application="answer"/>
          <action application="conference" data="$1@default"/>
        </condition>
    </extension>

    <!--Noise-->
    <extension name="I_ESL_SET_NOISE_LEVEL">
      <condition field="destination_number" expression="^(I_ESL_SET_NOISE_LEVEL\d{3})$">
        <action application="answer"/>
        <action application="conference" data="$1@default"/>
      </condition>
    </extension>

    <!-- zie: freeswitch.org/confluence/display/freeswitch/outbound+conference+calls 
    Hiermee wordt een conferentie opgezet, die automatisch de leden van de conferentie belt
    hiermee is het opzetten van de conferentie dus een stuk eenvoudiger-->    
    <extension name ="Intercom">
      <condition field="destination_number" expression="^(INTERCOM)$">
          <action application="answer" />
 
          <action application="set" data="conference_auto_outcall_timeout=5"/>
          <action application="set" data="conference_auto_outcall_flags=none" />

          <action application="set" data="conference_auto_outcall_caller_id_name=$${effective_caller_id_name}"/>
          <action application="set" data="conference_auto_outcall_caller_id_number=$${effective_caller_id_number}"/>
          <action application="set" data="conference_auto_outcall_profile=default"/>
          <X-PRE-PROCESS cmd="include" data="trainees.xml"/>
          <X-PRE-PROCESS cmd="include" data="instructors.xml"/> 
          <action application="conference" data="$1@default" />
      </condition>
    </extension> 

   <!-- zie: freeswitch.org/confluence/display/freeswitch/outbound+conference+calls 
    Hiermee wordt een conferentie opgezet, die automatisch de leden van de conferentie belt
    hiermee is het opzetten van de conferentie dus een stuk eenvoudiger-->    
    <extension name ="Class Broadcast Conferentie">
      <!-- 10000 is de ID die we aan de class_broadcast geven DIE ALLEEN TRAINEES BELT-->
      <condition field="destination_number" expression="^(BC_TRAINEES)$">
          <action application="answer" />
 
          <action application="set" data="conference_auto_outcall_timeout=50"/>
          <action application="set" data="conference_auto_outcall_flags=none" />

          <action application="set" data="conference_auto_outcall_caller_id_name=$${effective_caller_id_name}"/>
          <action application="set" data="conference_auto_outcall_caller_id_number=$${effective_caller_id_number}"/>
          <action application="set" data="conference_auto_outcall_profile=default"/> 
          <X-PRE-PROCESS cmd="include" data="trainees.xml"/>
          <action application="conference" data="$1@default" />
      </condition>
    </extension>

   <!-- zie: freeswitch.org/confluence/display/freeswitch/outbound+conference+calls 
    Hiermee wordt een conferentie opgezet, die automatisch de leden van de conferentie belt
    hiermee is het opzetten van de conferentie dus een stuk eenvoudiger-->    
    <extension name ="Class Broadcast Conferentie">
      <!-- 11000 is de ID die we aan de class_broadcast geven DIE ALLEEN INSTRUCTORS BELT-->
      <condition field="destination_number" expression="^(BC_INSTRUCTORS)$">
          <action application="answer" />
 
          <action application="set" data="conference_auto_outcall_timeout=50"/>
          <action application="set" data="conference_auto_outcall_flags=none" />

          <action application="set" data="conference_auto_outcall_caller_id_name=$${effective_caller_id_name}"/>
          <action application="set" data="conference_auto_outcall_caller_id_number=$${effective_caller_id_number}"/>
          <action application="set" data="conference_auto_outcall_profile=default"/> 
          <X-PRE-PROCESS cmd="include" data="instructors.xml"/>
          <action application="conference" data="$1@default" />
      </condition>
    </extension>

   <!-- zie: freeswitch.org/confluence/display/freeswitch/outbound+conference+calls 
    Hiermee wordt een conferentie opgezet, die automatisch de leden van de conferentie belt
    hiermee is het opzetten van de conferentie dus een stuk eenvoudiger-->    
    <extension name ="Class Broadcast Conferentie">
      <!-- 12000 is de ID die we aan de class_broadcast geven DIE ALLES BELT -->
      <condition field="destination_number" expression="^(BC_ALL)$">
          <action application="answer" />
 
          <action application="set" data="conference_auto_outcall_timeout=50"/>
          <action application="set" data="conference_auto_outcall_flags=none" />

          <action application="set" data="conference_auto_outcall_caller_id_name=$${effective_caller_id_name}"/>
          <action application="set" data="conference_auto_outcall_caller_id_number=$${effective_caller_id_number}"/>
          <action application="set" data="conference_auto_outcall_profile=default"/> 
          <X-PRE-PROCESS cmd="include" data="trainees.xml"/>
          <X-PRE-PROCESS cmd="include" data="instructors.xml"/> 
          <action application="conference" data="$1@default" />
      </condition>
    </extension>

    <!--Monitor trainee-->
    <extension name="MIC_Conference_Pos01">
      <condition field="destination_number" expression="^(MIC_Conference_Pos01\d{3})$">
        <action application="answer"/>
        <action application="conference" data="$1@default"/>
      </condition>
    </extension>

    <!--Trainee 01 Left conference -->
    <extension name="LEFTConference_Pos01">
      <condition field="destination_number" expression="^(LEFTConference_Pos01\d{3})$">
        <action application="answer"/>
        <action application="conference" data="$1@default"/>
      </condition>
    </extension>

    <!--Trainee 01 Right conference -->
    <extension name="RIGHTConference_Pos01">
      <condition field="destination_number" expression="^(RIGHTConference_Pos01)$">
        <action application="answer"/>
        <action application="conference" data="$1@default"/>
      </condition>
    </extension>
 
    <!--Trainee 03 Right conference -->
    <extension name="RIGHTConference_Pos03">
      <condition field="destination_number" expression="^(RIGHTConference_Pos03\d{3})$">
        <action application="answer"/>
        <action application="conference" data="$1@default"/>
      </condition>
    </extension>
  </context>
</include>
